<?xml version="1.0" encoding="UTF-8" ?>
<!DOCTYPE mapper
        PUBLIC "-//mybatis.org//DTD Mapper 3.0//EN"
        "http://mybatis.org/dtd/mybatis-3-mapper.dtd">
<mapper namespace="com.ruoyi.project.work.mapper.BookRoomMapper">

    <resultMap type="BookRoom" id="BookRoomResult">
        <result property="id"    column="id"    />
        <result property="floorid"    column="floorid"    />
        <result property="floorname"    column="floorname"    />
        <result property="code"    column="code"    />
        <result property="name"    column="name"    />
        <result property="orderid"    column="orderid"    />
        <result property="createtime"    column="createtime"    />
        <result property="realtime"    column="realtime"    />
    </resultMap>

    <sql id="selectBookRoomVo">
        select id, floorid, code, name, orderid, createtime, realtime from t_book_room
    </sql>

    <select id="selectBookRoomList" parameterType="BookRoom" resultMap="BookRoomResult">
        select f.id, f.floorid, f.code, f.name, f.orderid, f.createtime, f.realtime,l.name as "floorname" from t_book_room as f left join t_floor as l on f.floorid = l.id
        <where>
            <if test="floorid != null  and floorid != ''"> and f.floorid = #{floorid}</if>
            <if test="code != null  and code != ''"> and f.code like concat('%', #{code}, '%')</if>
            <if test="name != null  and name != ''"> and f.name like concat('%', #{name}, '%')</if>
        </where>
        order by f.orderid asc
    </select>

    <select id="selectBookRoomById" parameterType="String" resultMap="BookRoomResult">
        <include refid="selectBookRoomVo"/>
        where id = #{id}
    </select>

    <insert id="insertBookRoom" parameterType="BookRoom">
        insert into t_book_room
        <trim prefix="(" suffix=")" suffixOverrides=",">
            <if test="id != null">id,</if>
            <if test="floorid != null">floorid,</if>
            <if test="code != null">code,</if>
            <if test="name != null">name,</if>
            <if test="orderid != null">orderid,</if>
            <if test="createtime != null">createtime,</if>
            <if test="realtime != null">realtime,</if>
        </trim>
        <trim prefix="values (" suffix=")" suffixOverrides=",">
            <if test="id != null">#{id},</if>
            <if test="floorid != null">#{floorid},</if>
            <if test="code != null">#{code},</if>
            <if test="name != null">#{name},</if>
            <if test="orderid != null">#{orderid},</if>
            <if test="createtime != null">#{createtime},</if>
            <if test="realtime != null">#{realtime},</if>
        </trim>
    </insert>

    <update id="updateBookRoom" parameterType="BookRoom">
        update t_book_room
        <trim prefix="SET" suffixOverrides=",">
            <if test="floorid != null">floorid = #{floorid},</if>
            <if test="code != null">code = #{code},</if>
            <if test="name != null">name = #{name},</if>
            <if test="orderid != null">orderid = #{orderid},</if>
            <if test="createtime != null">createtime = #{createtime},</if>
            <if test="realtime != null">realtime = #{realtime},</if>
        </trim>
        where id = #{id}
    </update>

    <delete id="deleteBookRoomById" parameterType="String">
        delete from t_book_room where id = #{id}
    </delete>

    <delete id="deleteBookRoomByIds" parameterType="String">
        delete from t_book_room where id in
        <foreach item="id" collection="array" open="(" separator="," close=")">
            #{id}
        </foreach>
    </delete>
</mapper>
