<?xml version="1.0" encoding="UTF-8" ?>
<!DOCTYPE mapper
PUBLIC "-//mybatis.org//DTD Mapper 3.0//EN"
"http://mybatis.org/dtd/mybatis-3-mapper.dtd">
<mapper namespace="com.ruoyi.project.work.mapper.BookinfoMapper">

    <resultMap type="Bookinfo" id="BookinfoResult">
        <result property="id"    column="id"    />
        <result property="layerid"    column="layerid"    />
        <result property="barcode"    column="barcode"    />
        <result property="title"    column="title"    />
        <result property="author"    column="author"    />
        <result property="press"    column="press"    />
        <result property="location"    column="location"    />
        <result property="locationCode"    column="locationCode"    />
        <result property="callnum"    column="callnum"    />
        <result property="price"    column="price"    />
        <result property="borrowstate"    column="borrowstate"    />
        <result property="bookstatus"    column="bookstatus"    />
        <result property="operators"    column="operators"    />
        <result property="createtime"    column="createtime"    />
        <result property="realtime"    column="realtime"    />
    </resultMap>

    <sql id="selectBookinfoVo">
        select id, layerid, barcode, title, author, press, callnum, price, borrowstate, bookstatus, operators, createtime, realtime from t_bookinfo
    </sql>

    <select id="selectBookinfoList" parameterType="Bookinfo" resultMap="BookinfoResult">
        <include refid="selectBookinfoVo"/>
        <where>
            <if test="layerid != null  and layerid != ''"> and layerid = #{layerid}</if>
            <if test="barcode != null  and barcode != ''"> and barcode like concat('%', #{barcode}, '%')</if>
            <if test="title != null  and title != ''"> and title like concat('%', #{title}, '%')</if>
            <if test="author != null  and author != ''"> and author like concat('%', #{author}, '%')</if>
            <if test="press != null  and press != ''"> and press like concat('%', #{press}, '%')</if>
            <if test="callnum != null  and callnum != ''"> and callnum like concat('%', #{callnum}, '%')</if>
            <if test="price != null  and price != ''"> and price = #{price}</if>
            <if test="borrowstate != null  and borrowstate != ''"> and borrowstate = #{borrowstate}</if>
            <if test="bookstatus != null  and bookstatus != ''"> and bookstatus = #{bookstatus}</if>
        </where>
        order by createtime desc
    </select>

    <select id="selectBookinfoById" parameterType="String" resultMap="BookinfoResult">
        select b.id, b.layerid, b.barcode, b.title, b.author, b.press, b.callnum, b.price, b.borrowstate, b.bookstatus, b.operators, b.createtime, b.realtime,
               concat(c.name, ' / ', li.name, ' / ', f.name, ' / ', r.name, ' / ', s.name, ' / ', l.name) as location,
            concat(c.code, ' / ', li.code, ' / ', f.code, ' / ', r.code, ' / ', s.code, ' / ', l.code) as locationCode
        from t_bookinfo as b
        left join t_layer as l on b.layerid = l.id
        left join t_shelf as s on l.shelfid = s.id
        left join t_book_room as r on s.roomid = r.id
        left join t_floor as f on r.floorid = f.id
        left join t_library as li on f.libid = li.id
        left join t_campus as c on li.campusid = c.id
        where b.id = #{id}
    </select>

    <insert id="insertBookinfo" parameterType="Bookinfo">
        insert into t_bookinfo
        <trim prefix="(" suffix=")" suffixOverrides=",">
            <if test="id != null and id != ''">id,</if>
            <if test="layerid != null">layerid,</if>
            <if test="barcode != null">barcode,</if>
            <if test="title != null">title,</if>
            <if test="author != null">author,</if>
            <if test="press != null">press,</if>
            <if test="callnum != null">callnum,</if>
            <if test="price != null">price,</if>
            <if test="borrowstate != null">borrowstate,</if>
            <if test="bookstatus != null">bookstatus,</if>
            <if test="operators != null">operators,</if>
            <if test="createtime != null">createtime,</if>
            <if test="realtime != null">realtime,</if>
         </trim>
        <trim prefix="values (" suffix=")" suffixOverrides=",">
            <if test="id != null and id != ''">#{id},</if>
            <if test="layerid != null">#{layerid},</if>
            <if test="barcode != null">#{barcode},</if>
            <if test="title != null">#{title},</if>
            <if test="author != null">#{author},</if>
            <if test="press != null">#{press},</if>
            <if test="callnum != null">#{callnum},</if>
            <if test="price != null">#{price},</if>
            <if test="borrowstate != null">#{borrowstate},</if>
            <if test="bookstatus != null">#{bookstatus},</if>
            <if test="operators != null">#{operators},</if>
            <if test="createtime != null">#{createtime},</if>
            <if test="realtime != null">#{realtime},</if>
         </trim>
    </insert>

    <update id="updateBookinfo" parameterType="Bookinfo">
        update t_bookinfo
        <trim prefix="SET" suffixOverrides=",">
            <if test="layerid != null">layerid = #{layerid},</if>
            <if test="barcode != null">barcode = #{barcode},</if>
            <if test="title != null">title = #{title},</if>
            <if test="author != null">author = #{author},</if>
            <if test="press != null">press = #{press},</if>
            <if test="callnum != null">callnum = #{callnum},</if>
            <if test="price != null">price = #{price},</if>
            <if test="borrowstate != null">borrowstate = #{borrowstate},</if>
            <if test="bookstatus != null">bookstatus = #{bookstatus},</if>
            <if test="operators != null">operators = #{operators},</if>
            <if test="createtime != null">createtime = #{createtime},</if>
            <if test="realtime != null">realtime = #{realtime},</if>
        </trim>
        where id = #{id}
    </update>

    <update id="updateBookinfoStatus" parameterType="Bookinfo">
        update t_bookinfo
        <trim prefix="SET" suffixOverrides=",">
            <if test="borrowstate != null">borrowstate = #{borrowstate},</if>
            <if test="bookstatus != null">bookstatus = #{bookstatus},</if>
        </trim>
        where id in
        <foreach item="id" collection="ids" open="(" separator="," close=")">
            #{id}
        </foreach>
    </update>

    <delete id="deleteBookinfoById" parameterType="String">
        delete from t_bookinfo where id = #{id}
    </delete>

    <delete id="deleteBookinfoByIds" parameterType="String">
        delete from t_bookinfo where id in
        <foreach item="id" collection="array" open="(" separator="," close=")">
            #{id}
        </foreach>
    </delete>
</mapper>
