<?xml version="1.0" encoding="UTF-8" ?>
<!DOCTYPE mapper
PUBLIC "-//mybatis.org//DTD Mapper 3.0//EN"
"http://mybatis.org/dtd/mybatis-3-mapper.dtd">
<mapper namespace="com.ruoyi.project.work.mapper.BorrowMapper">

    <resultMap type="Borrow" id="BorrowResult">
        <result property="id"    column="id"    />
        <result property="readerid"    column="readerid"    />
        <result property="bookid"    column="bookid"    />
        <result property="readername"    column="readername"    />
        <result property="bookname"    column="bookname"    />
        <result property="barcode"    column="barcode"    />
        <result property="startdate"    column="startdate"    />
        <result property="finishdate"    column="finishdate"    />
        <result property="tempfinishdate"    column="tempfinishdate"    />
        <result property="state"    column="state"    />
        <result property="createtime"    column="createtime"    />
        <result property="realtime"    column="realtime"    />
    </resultMap>

    <sql id="selectBorrowVo">
        select id, readerid, bookid, startdate, finishdate, tempfinishdate, state, createtime, realtime from t_borrow
    </sql>

    <select id="selectBorrowList" parameterType="Borrow" resultMap="BorrowResult">
        select b.id, b.readerid, b.bookid, b.startdate, b.finishdate, b.state, b.createtime, b.realtime,
        r.name as "readername",bk.title as "bookname",bk.barcode as "barcode"
        from t_borrow as b
        left join t_readerinfo as r on b.readerid = r.id
        left join t_bookinfo as bk on b.bookid = bk.id

        <where>
            <if test="readerid != null  and readerid != ''"> and b.readerid = #{readerid}</if>
            <if test="readername != null  and readername != ''"> and r.name like concat('%',#{readername},'%')</if>
            <if test="bookname != null  and bookname != ''"> and bk.title like concat('%',#{bookname},'%')</if>
            <if test="state != null  and state != ''"> and b.state = #{state}</if>
        </where>
        order by createtime desc
    </select>


    <select id="selectOutFinishdateList" parameterType="Borrow" resultMap="BorrowResult">
        SELECT
            b.id,
            b.readerid,
            b.bookid,
            b.startdate,
            b.finishdate,
            b.state,
            b.createtime,
            b.realtime
        FROM
            t_borrow AS b
        WHERE
            b.state in ('1','3') and
            b.finishdate &lt; #{finishdate}
    </select>


    <select id="selectBorrowById" parameterType="String" resultMap="BorrowResult">
        <include refid="selectBorrowVo"/>
        where id = #{id}
    </select>

    <insert id="insertBorrow" parameterType="Borrow">
        insert into t_borrow
        <trim prefix="(" suffix=")" suffixOverrides=",">
            <if test="id != null">id,</if>
            <if test="readerid != null">readerid,</if>
            <if test="bookid != null">bookid,</if>
            <if test="startdate != null">startdate,</if>
            <if test="finishdate != null">finishdate,</if>
            <if test="tempfinishdate != null">tempfinishdate,</if>
            <if test="state != null">state,</if>
            <if test="createtime != null">createtime,</if>
            <if test="realtime != null">realtime,</if>
         </trim>
        <trim prefix="values (" suffix=")" suffixOverrides=",">
            <if test="id != null">#{id},</if>
            <if test="readerid != null">#{readerid},</if>
            <if test="bookid != null">#{bookid},</if>
            <if test="startdate != null">#{startdate},</if>
            <if test="finishdate != null">#{finishdate},</if>
            <if test="tempfinishdate != null">#{tempfinishdate},</if>
            <if test="state != null">#{state},</if>
            <if test="createtime != null">#{createtime},</if>
            <if test="realtime != null">#{realtime},</if>
         </trim>
    </insert>

    <update id="updateBorrow" parameterType="Borrow">
        update t_borrow
        <trim prefix="SET" suffixOverrides=",">
            <if test="readerid != null">readerid = #{readerid},</if>
            <if test="bookid != null">bookid = #{bookid},</if>
            <if test="startdate != null">startdate = #{startdate},</if>
            <if test="finishdate != null">finishdate = #{finishdate},</if>
            <if test="tempfinishdate != null">tempfinishdate = #{tempfinishdate},</if>
            <if test="state != null">state = #{state},</if>
            <if test="createtime != null">createtime = #{createtime},</if>
            <if test="realtime != null">realtime = #{realtime},</if>
        </trim>
        where id = #{id}
    </update>

    <delete id="deleteBorrowById" parameterType="String">
        delete from t_borrow where id = #{id}
    </delete>

    <delete id="deleteBorrowByIds" parameterType="String">
        delete from t_borrow where id in
        <foreach item="id" collection="array" open="(" separator="," close=")">
            #{id}
        </foreach>
    </delete>
</mapper>
