<?xml version="1.0" encoding="UTF-8" ?>
<!DOCTYPE mapper
PUBLIC "-//mybatis.org//DTD Mapper 3.0//EN"
"http://mybatis.org/dtd/mybatis-3-mapper.dtd">
<mapper namespace="com.ruoyi.project.work.mapper.CampusMapper">

    <resultMap type="Campus" id="CampusResult">
        <result property="id"    column="id"    />
        <result property="code"    column="code"    />
        <result property="name"    column="name"    />
        <result property="createtime"    column="createtime"    />
        <result property="realtime"    column="realtime"    />
    </resultMap>

    <sql id="selectCampusVo">
        select id, code, name, createtime, realtime from t_campus
    </sql>

    <select id="selectCampusList" parameterType="Campus" resultMap="CampusResult">
        <include refid="selectCampusVo"/>
        <where>
            <if test="code != null  and code != ''"> and code like concat('%', #{code}, '%')</if>
            <if test="name != null  and name != ''"> and name like concat('%', #{name}, '%')</if>
        </where>
        order by createtime desc
    </select>

    <select id="selectCampusById" parameterType="String" resultMap="CampusResult">
        <include refid="selectCampusVo"/>
        where id = #{id}
    </select>

    <insert id="insertCampus" parameterType="Campus">
        insert into t_campus
        <trim prefix="(" suffix=")" suffixOverrides=",">
            <if test="id != null">id,</if>
            <if test="code != null">code,</if>
            <if test="name != null">name,</if>
            <if test="createtime != null">createtime,</if>
            <if test="realtime != null">realtime,</if>
         </trim>
        <trim prefix="values (" suffix=")" suffixOverrides=",">
            <if test="id != null">#{id},</if>
            <if test="code != null">#{code},</if>
            <if test="name != null">#{name},</if>
            <if test="createtime != null">#{createtime},</if>
            <if test="realtime != null">#{realtime},</if>
         </trim>
    </insert>

    <update id="updateCampus" parameterType="Campus">
        update t_campus
        <trim prefix="SET" suffixOverrides=",">
            <if test="code != null">code = #{code},</if>
            <if test="name != null">name = #{name},</if>
            <if test="createtime != null">createtime = #{createtime},</if>
            <if test="realtime != null">realtime = #{realtime},</if>
        </trim>
        where id = #{id}
    </update>

    <delete id="deleteCampusById" parameterType="String">
        delete from t_campus where id = #{id}
    </delete>

    <delete id="deleteCampusByIds" parameterType="String">
        delete from t_campus where id in
        <foreach item="id" collection="array" open="(" separator="," close=")">
            #{id}
        </foreach>
    </delete>
</mapper>
