<?xml version="1.0" encoding="UTF-8" ?>
<!DOCTYPE mapper
        PUBLIC "-//mybatis.org//DTD Mapper 3.0//EN"
        "http://mybatis.org/dtd/mybatis-3-mapper.dtd">
<mapper namespace="com.ruoyi.project.work.mapper.FloorMapper">

    <resultMap type="Floor" id="FloorResult">
        <result property="id"    column="id"    />
        <result property="libid"    column="libid"    />
        <result property="libname"    column="libname"    />
        <result property="code"    column="code"    />
        <result property="name"    column="name"    />
        <result property="orderid"    column="orderid"    />
        <result property="createtime"    column="createtime"    />
        <result property="realtime"    column="realtime"    />
    </resultMap>

    <sql id="selectFloorVo">
        select id, libid, code, name, orderid, createtime, realtime from t_floor
    </sql>

    <select id="selectFloorList" parameterType="Floor" resultMap="FloorResult">
        select f.id, f.libid, f.code, f.name, f.orderid, f.createtime, f.realtime,l.name as "libname" from t_floor as f left join t_library as l on f.libid = l.id
        <where>
            <if test="libid != null  and libid != ''"> and f.libid = #{libid}</if>
            <if test="code != null  and code != ''"> and f.code like concat('%', #{code}, '%')</if>
            <if test="name != null  and name != ''"> and f.name like concat('%', #{name}, '%')</if>
        </where>
        order by f.orderid asc
    </select>

    <select id="selectFloorById" parameterType="String" resultMap="FloorResult">
        <include refid="selectFloorVo"/>
        where id = #{id}
    </select>

    <insert id="insertFloor" parameterType="Floor">
        insert into t_floor
        <trim prefix="(" suffix=")" suffixOverrides=",">
            <if test="id != null">id,</if>
            <if test="libid != null">libid,</if>
            <if test="code != null">code,</if>
            <if test="name != null">name,</if>
            <if test="orderid != null">orderid,</if>
            <if test="createtime != null">createtime,</if>
            <if test="realtime != null">realtime,</if>
        </trim>
        <trim prefix="values (" suffix=")" suffixOverrides=",">
            <if test="id != null">#{id},</if>
            <if test="libid != null">#{libid},</if>
            <if test="code != null">#{code},</if>
            <if test="name != null">#{name},</if>
            <if test="orderid != null">#{orderid},</if>
            <if test="createtime != null">#{createtime},</if>
            <if test="realtime != null">#{realtime},</if>
        </trim>
    </insert>

    <update id="updateFloor" parameterType="Floor">
        update t_floor
        <trim prefix="SET" suffixOverrides=",">
            <if test="libid != null">libid = #{libid},</if>
            <if test="code != null">code = #{code},</if>
            <if test="name != null">name = #{name},</if>
            <if test="orderid != null">orderid = #{orderid},</if>
            <if test="createtime != null">createtime = #{createtime},</if>
            <if test="realtime != null">realtime = #{realtime},</if>
        </trim>
        where id = #{id}
    </update>

    <delete id="deleteFloorById" parameterType="String">
        delete from t_floor where id = #{id}
    </delete>

    <delete id="deleteFloorByIds" parameterType="String">
        delete from t_floor where id in
        <foreach item="id" collection="array" open="(" separator="," close=")">
            #{id}
        </foreach>
    </delete>
</mapper>
