<?xml version="1.0" encoding="UTF-8" ?>
<!DOCTYPE mapper
PUBLIC "-//mybatis.org//DTD Mapper 3.0//EN"
"http://mybatis.org/dtd/mybatis-3-mapper.dtd">
<mapper namespace="com.ruoyi.project.work.mapper.LayerMapper">

    <resultMap type="Layer" id="LayerResult">
        <result property="id"    column="id"    />
        <result property="shelfid"    column="shelfid"    />
        <result property="shelfname"    column="shelfname"    />
        <result property="code"    column="code"    />
        <result property="name"    column="name"    />
        <result property="orderid"    column="orderid"    />
        <result property="location"    column="location"    />
        <result property="createtime"    column="createtime"    />
        <result property="realtime"    column="realtime"    />
    </resultMap>

    <sql id="selectLayerVo">
        select id, shelfid, code, name, orderid, location, createtime, realtime from t_layer
    </sql>

    <select id="selectLayerList" parameterType="Layer" resultMap="LayerResult">
        select l.id, l.shelfid, l.code, l.name, l.orderid, l.location, l.createtime, l.realtime,s.name as "shelfname" from t_layer as l left join t_shelf as s on l.shelfid = s.id
        <where>
            <if test="shelfid != null  and shelfid != ''"> and l.shelfid = #{shelfid}</if>
            <if test="code != null  and code != ''"> and l.code like concat('%', #{code}, '%')</if>
            <if test="name != null  and name != ''"> and l.name like concat('%', #{name}, '%')</if>
        </where>
        order by orderid asc
    </select>

    <select id="selectLayerById" parameterType="String" resultMap="LayerResult">
        <include refid="selectLayerVo"/>
        where id = #{id}
    </select>

    <insert id="insertLayer" parameterType="Layer">
        insert into t_layer
        <trim prefix="(" suffix=")" suffixOverrides=",">
            <if test="id != null">id,</if>
            <if test="shelfid != null">shelfid,</if>
            <if test="code != null">code,</if>
            <if test="name != null">name,</if>
            <if test="orderid != null">orderid,</if>
            <if test="location != null">location,</if>
            <if test="createtime != null">createtime,</if>
            <if test="realtime != null">realtime,</if>
         </trim>
        <trim prefix="values (" suffix=")" suffixOverrides=",">
            <if test="id != null">#{id},</if>
            <if test="shelfid != null">#{shelfid},</if>
            <if test="code != null">#{code},</if>
            <if test="name != null">#{name},</if>
            <if test="orderid != null">#{orderid},</if>
            <if test="location != null">#{location},</if>
            <if test="createtime != null">#{createtime},</if>
            <if test="realtime != null">#{realtime},</if>
         </trim>
    </insert>

    <update id="updateLayer" parameterType="Layer">
        update t_layer
        <trim prefix="SET" suffixOverrides=",">
            <if test="shelfid != null">shelfid = #{shelfid},</if>
            <if test="code != null">code = #{code},</if>
            <if test="name != null">name = #{name},</if>
            <if test="orderid != null">orderid = #{orderid},</if>
            <if test="location != null">location = #{location},</if>
            <if test="createtime != null">createtime = #{createtime},</if>
            <if test="realtime != null">realtime = #{realtime},</if>
        </trim>
        where id = #{id}
    </update>

    <delete id="deleteLayerById" parameterType="String">
        delete from t_layer where id = #{id}
    </delete>

    <delete id="deleteLayerByIds" parameterType="String">
        delete from t_layer where id in
        <foreach item="id" collection="array" open="(" separator="," close=")">
            #{id}
        </foreach>
    </delete>
</mapper>
