<?xml version="1.0" encoding="UTF-8" ?>
<!DOCTYPE mapper
PUBLIC "-//mybatis.org//DTD Mapper 3.0//EN"
"http://mybatis.org/dtd/mybatis-3-mapper.dtd">
<mapper namespace="com.ruoyi.project.work.mapper.LibraryMapper">

    <resultMap type="Library" id="LibraryResult">
        <result property="id"    column="id"    />
        <result property="campusid"    column="campusid"    />
        <result property="campusname"    column="campusname"    />
        <result property="code"    column="code"    />
        <result property="name"    column="name"    />
        <result property="createtime"    column="createtime"    />
        <result property="realtime"    column="realtime"    />
    </resultMap>

    <sql id="selectLibraryVo">
        select id, campusid, code, name, createtime, realtime from t_library
    </sql>

    <select id="selectLibraryList" parameterType="Library" resultMap="LibraryResult">
        select l.id, l.campusid, l.code, l.name, l.createtime, l.realtime,c.name as "campusname" from t_library as l left join t_campus as c on l.campusid = c.id
        <where>
            <if test="campusid != null  and campusid != ''"> and l.campusid = #{campusid}</if>
            <if test="code != null  and code != ''"> and l.code like concat('%', #{code}, '%')</if>
            <if test="name != null  and name != ''"> and l.name like concat('%', #{name}, '%')</if>
        </where>
        order by l.createtime desc
    </select>

    <select id="selectLibraryById" parameterType="String" resultMap="LibraryResult">
        <include refid="selectLibraryVo"/>
        where id = #{id}
    </select>

    <insert id="insertLibrary" parameterType="Library">
        insert into t_library
        <trim prefix="(" suffix=")" suffixOverrides=",">
            <if test="id != null">id,</if>
            <if test="campusid != null">campusid,</if>
            <if test="code != null">code,</if>
            <if test="name != null">name,</if>
            <if test="createtime != null">createtime,</if>
            <if test="realtime != null">realtime,</if>
         </trim>
        <trim prefix="values (" suffix=")" suffixOverrides=",">
            <if test="id != null">#{id},</if>
            <if test="campusid != null">#{campusid},</if>
            <if test="code != null">#{code},</if>
            <if test="name != null">#{name},</if>
            <if test="createtime != null">#{createtime},</if>
            <if test="realtime != null">#{realtime},</if>
         </trim>
    </insert>

    <update id="updateLibrary" parameterType="Library">
        update t_library
        <trim prefix="SET" suffixOverrides=",">
            <if test="campusid != null">campusid = #{campusid},</if>
            <if test="code != null">code = #{code},</if>
            <if test="name != null">name = #{name},</if>
            <if test="createtime != null">createtime = #{createtime},</if>
            <if test="realtime != null">realtime = #{realtime},</if>
        </trim>
        where id = #{id}
    </update>

    <delete id="deleteLibraryById" parameterType="String">
        delete from t_library where id = #{id}
    </delete>

    <delete id="deleteLibraryByIds" parameterType="String">
        delete from t_library where id in
        <foreach item="id" collection="array" open="(" separator="," close=")">
            #{id}
        </foreach>
    </delete>
</mapper>
