<?xml version="1.0" encoding="UTF-8" ?>
<!DOCTYPE mapper
PUBLIC "-//mybatis.org//DTD Mapper 3.0//EN"
"http://mybatis.org/dtd/mybatis-3-mapper.dtd">
<mapper namespace="com.ruoyi.project.work.mapper.ReaderinfoMapper">

    <resultMap type="Readerinfo" id="ReaderinfoResult">
        <result property="id"    column="id"    />
        <result property="userid"    column="userid"    />
        <result property="username"    column="username"    />
        <result property="name"    column="name"    />
        <result property="idnum"    column="idnum"    />
        <result property="state"    column="state"    />
        <result property="createtime"    column="createtime"    />
        <result property="realtime"    column="realtime"    />
    </resultMap>

    <sql id="selectReaderinfoVo">
        select id, userid, name, idnum, state, createtime, realtime from t_readerinfo
    </sql>

    <select id="selectReaderinfoList" parameterType="Readerinfo" resultMap="ReaderinfoResult">
        select id, userid, name, idnum, state, createtime, realtime ,u.user_name as "username"
        from t_readerinfo as r
        left join sys_user as u on u.user_id=r.userid
        <where>
            <if test="userid != null  and userid != ''"> and userid like concat('%', #{userid}, '%')</if>
            <if test="name != null  and name != ''"> and name like concat('%', #{name}, '%')</if>
            <if test="idnum != null  and idnum != ''"> and idnum like concat('%', #{idnum}, '%')</if>
            <if test="state != null  and state != ''"> and state = #{state}</if>
        </where>
        order by createtime desc
    </select>


    <select id="selectReaderinfoById" parameterType="String" resultMap="ReaderinfoResult">
        <include refid="selectReaderinfoVo"/>
        where id = #{id}
    </select>

    <select id="selectReaderinfoByUserid" parameterType="String" resultMap="ReaderinfoResult">
        <include refid="selectReaderinfoVo"/>
        where  userid = #{userid}
    </select>

    <insert id="insertReaderinfo" parameterType="Readerinfo">
        insert into t_readerinfo
        <trim prefix="(" suffix=")" suffixOverrides=",">
            <if test="id != null">id,</if>
            <if test="userid != null">userid,</if>
            <if test="name != null">name,</if>
            <if test="idnum != null">idnum,</if>
            <if test="state != null">state,</if>
            <if test="createtime != null">createtime,</if>
            <if test="realtime != null">realtime,</if>
         </trim>
        <trim prefix="values (" suffix=")" suffixOverrides=",">
            <if test="id != null">#{id},</if>
            <if test="userid != null">#{userid},</if>
            <if test="name != null">#{name},</if>
            <if test="idnum != null">#{idnum},</if>
            <if test="state != null">#{state},</if>
            <if test="createtime != null">#{createtime},</if>
            <if test="realtime != null">#{realtime},</if>
         </trim>
    </insert>

    <update id="updateReaderinfo" parameterType="Readerinfo">
        update t_readerinfo
        <trim prefix="SET" suffixOverrides=",">
            <if test="userid != null">userid = #{userid},</if>
            <if test="name != null">name = #{name},</if>
            <if test="idnum != null">idnum = #{idnum},</if>
            <if test="state != null">state = #{state},</if>
            <if test="createtime != null">createtime = #{createtime},</if>
            <if test="realtime != null">realtime = #{realtime},</if>
        </trim>
        where id = #{id}
    </update>

    <delete id="deleteReaderinfoById" parameterType="String">
        delete from t_readerinfo where id = #{id}
    </delete>

    <delete id="deleteReaderinfoByIds" parameterType="String">
        delete from t_readerinfo where id in
        <foreach item="id" collection="array" open="(" separator="," close=")">
            #{id}
        </foreach>
    </delete>
</mapper>
