<?xml version="1.0" encoding="UTF-8" ?>
<!DOCTYPE mapper
PUBLIC "-//mybatis.org//DTD Mapper 3.0//EN"
"http://mybatis.org/dtd/mybatis-3-mapper.dtd">
<mapper namespace="com.ruoyi.project.work.mapper.ShelfMapper">

    <resultMap type="Shelf" id="ShelfResult">
        <result property="id"    column="id"    />
        <result property="roomid"    column="roomid"    />
        <result property="roomname"    column="roomname"    />
        <result property="code"    column="code"    />
        <result property="name"    column="name"    />
        <result property="orderid"    column="orderid"    />
        <result property="createtime"    column="createtime"    />
        <result property="realtime"    column="realtime"    />
    </resultMap>

    <sql id="selectShelfVo">
        select id, roomid, code, name, orderid, createtime, realtime from t_shelf
    </sql>

    <select id="selectShelfList" parameterType="Shelf" resultMap="ShelfResult">
        select s.id, s.roomid, s.code, s.name, s.orderid, s.createtime, s.realtime,r.name as "roomname" from t_shelf as s left join t_book_room as r on s.roomid = r.id
        <where>
            <if test="roomid != null  and roomid != ''"> and s.roomid = #{roomid}</if>
            <if test="code != null  and code != ''"> and s.code like concat('%', #{code}, '%')</if>
            <if test="name != null  and name != ''"> and s.name like concat('%', #{name}, '%')</if>
        </where>
        order by s.orderid asc
    </select>

    <select id="selectShelfById" parameterType="String" resultMap="ShelfResult">
        <include refid="selectShelfVo"/>
        where id = #{id}
    </select>

    <insert id="insertShelf" parameterType="Shelf">
        insert into t_shelf
        <trim prefix="(" suffix=")" suffixOverrides=",">
            <if test="id != null">id,</if>
            <if test="roomid != null">roomid,</if>
            <if test="code != null">code,</if>
            <if test="name != null">name,</if>
            <if test="orderid != null">orderid,</if>
            <if test="createtime != null">createtime,</if>
            <if test="realtime != null">realtime,</if>
         </trim>
        <trim prefix="values (" suffix=")" suffixOverrides=",">
            <if test="id != null">#{id},</if>
            <if test="roomid != null">#{roomid},</if>
            <if test="code != null">#{code},</if>
            <if test="name != null">#{name},</if>
            <if test="orderid != null">#{orderid},</if>
            <if test="createtime != null">#{createtime},</if>
            <if test="realtime != null">#{realtime},</if>
         </trim>
    </insert>

    <update id="updateShelf" parameterType="Shelf">
        update t_shelf
        <trim prefix="SET" suffixOverrides=",">
            <if test="roomid != null">roomid = #{roomid},</if>
            <if test="code != null">code = #{code},</if>
            <if test="name != null">name = #{name},</if>
            <if test="orderid != null">orderid = #{orderid},</if>
            <if test="createtime != null">createtime = #{createtime},</if>
            <if test="realtime != null">realtime = #{realtime},</if>
        </trim>
        where id = #{id}
    </update>

    <delete id="deleteShelfById" parameterType="String">
        delete from t_shelf where id = #{id}
    </delete>

    <delete id="deleteShelfByIds" parameterType="String">
        delete from t_shelf where id in
        <foreach item="id" collection="array" open="(" separator="," close=")">
            #{id}
        </foreach>
    </delete>
</mapper>
